id,created
338,1455718873
228,1449157385
91,1444189020
242,1449157385
340,1456932000
319,1451050412
106,1449157385
95,1446771686
79,1441054800
150,1449157385
331,1454096911
155,1449157385
156,1449157385
81,1441054800
199,1449157385
286,1449157385
315,1450944642
271,1449157385
98,1449157385
99,1449157385
326,1452601668
219,1449157385
240,1449157385
342,1457440979
344,1459074060
96,1446787907
80,1441054800
160,1449157385
222,1449157385
311,1450891078
101,1449157385
100,1449157385
276,1449157385
279,1449157385
253,1449157385
345,1459156620
161,1449157385
158,1449157385
299,1450872341
307,1450883371
272,1449157385
235,1449157385
339,1456034483
236,1449157385
196,1449157385
237,1449157385
238,1449157385
239,1449157385
294,1450216560
181,1449157385
260,1449157385
265,1449157385
266,1449157385
268,1449157385
269,1449157385
270,1449157385
261,1449157385
263,1449157385
264,1449157385
343,1457636529
223,1449157385
224,1449157385
225,1449157385
176,1449157385
178,1449157385
179,1449157385
180,1449157385
209,1449157380
231,1449157385
215,1449157385
205,1449157385
301,1450872467
103,1449157385
159,1449157385
317,1450988007
107,1449157385
303,1450876468
109,1449157385
102,1449157385
104,1449157385
105,1449157385
108,1449157385
221,1449157385
243,1449157385
174,1449157385
226,1449157385
230,1449157385
111,1449157385
157,1449157385
198,1449157385
202,1449157385
203,1449157385
204,1449157385
206,1449157385
207,1449157385
232,1449157385
244,1449157385
245,1449157385
248,1449157385
250,1449157385
241,1449157385
246,1449157385
323,1451900919
200,1449157385
201,1449157385
166,1449157385
167,1449157385
168,1449157385
171,1449157385
173,1449157385
175,1449157385
211,1449157385
212,1449157385
347,1461762300
233,1449157385
234,1449157385
118,1449157385
348,1464883023
190,1449157385
273,1449157385
275,1449157385
349,1464956804
330,1438376400
229,1449157385
189,1449157385
110,1449157385
312,1450891697
304,1450877549
318,1451049834
324,1451999956
350,1465487700
256,1449157385
254,1449157385
255,1449157385
259,1449157385
208,1449157385
210,1449157385
164,1449157385
165,1449157385
213,1449157385
214,1449157385
217,1449157385
218,1449157385
305,1450878844
170,1449157385
177,1449157385
288,1449157385
328,1452717361
314,1450927809
291,1449157385
292,1449157385
283,1449157385
112,1449157385
191,1449157385
192,1449157385
193,1449157385
329,1453197436
310,1450888846
302,1450872939
188,1449157385
297,1450868930
194,1449157385
216,1449157385
195,1449157385
322,1451216350
309,1450888475
298,1450869055
126,1449157385
128,1449157385
129,1449157385
154,1449157385
115,1449157385
116,1449157385
117,1449157385
119,1449157385
120,1449157385
308,1450885041
321,1451124665
121,1449157385
122,1449157385
313,1450902495
185,1449157385
169,1449157385
172,1449157385
162,1449157385
137,1449157385
290,1449157385
123,1449157385
124,1449157385
125,1449157385
306,1450881619
320,1451068363
130,1449157385
132,1449157385
133,1449157385
136,1449157385
138,1449157385
140,1449157385
287,1449157380
289,1449157385
183,1449157385
293,1449682200
139,1449157385
163,1449157385
258,1449157385
220,1449157385
227,1449157385
135,1449157385
182,1449157385
184,1449157385
197,1449157385
327,1452688570
280,1449157385
151,1449157385
134,1449157385
252,1449157385
113,1449157385
114,1449157385
325,1452245314
247,1449157385
267,1449157385
251,1449157385
316,1450945734
257,1449157385
277,1449157385
249,1449157385
186,1449157385
187,1449157385
278,1449157385
141,1449157385
142,1449157385
143,1449157385
144,1449157385
145,1449157385
146,1449157385
147,1449157385
148,1449157385
149,1449157385
152,1449157385
153,1449157385
274,1449157380
300,1450872457
127,1449157385
131,1449157385
281,1449157385
282,1449157385
284,1449157385
285,1449157385
262,1449157385
